{
  "project_info": {
    "project_number": "994691979708",
    "project_id": "libre-9022b",
    "storage_bucket": "libre-9022b.appspot.com"
  },
  "client": [
    {
      "client_info": {
        "mobilesdk_app_id": "1:994691979708:android:c8fb5ff59552471610b3b9",
        "android_client_info": {
          "package_name": "com.example.libre"
        }
      },
      "oauth_client": [
        {
          "client_id": "994691979708-25o8djhao7r8lo8jummqeqila2trcf5a.apps.googleusercontent.com",
          "client_type": 3
        }
      ],
      "api_key": [
        {
          "current_key": "AIzaSyDwCluHx8TynRgzpeBmwPA8znrZmRhJ1bw"
        }
      ],
      "services": {
        "appinvite_service": {
          "other_platform_oauth_client": [
            {
              "client_id": "994691979708-25o8djhao7r8lo8jummqeqila2trcf5a.apps.googleusercontent.com",
              "client_type": 3
            }
          ]
        }
      }
    }
  ],
  "configuration_version": "1"
}